"Cu, TDDFT b=1, l=0, April 2026, Linear elastic below 100 eV"
"E_beam (eV)","Sample tilt (deg)","BSEY","SEY"
50.,0.,0.,0.279
75.,0.,0.062,0.399
100.,0.,0.144,0.519
125.,0.,0.208,0.61
150.,0.,0.261,0.685
175.,0.,0.305,0.751
200.,0.,0.341,0.804
250.,0.,0.391,0.889
300.,0.,0.429,0.963
350.,0.,0.45,1.021
400.,0.,0.468,1.072
500.,0.,0.487,1.135
800.,0.,0.503,1.171
1000.,0.,0.493,1.135
1500.,0.,0.462,0.954
2000.,0.,0.441,0.777
3500.,0.,0.395,0.485
5000.,0.,0.374,0.362
8000.,0.,0.362,0.231
10000.,0.,0.355,0.192
15000.,0.,0.338,0.126
20000.,0.,0.328,0.102
29975.,0.,0.322,0.072
50.,10.,0.,0.277
75.,10.,0.061,0.408
100.,10.,0.148,0.53
125.,10.,0.212,0.612
150.,10.,0.271,0.692
175.,10.,0.307,0.747
200.,10.,0.341,0.812
250.,10.,0.395,0.895
300.,10.,0.432,0.965
350.,10.,0.456,1.011
400.,10.,0.472,1.077
500.,10.,0.49,1.157
800.,10.,0.504,1.201
1000.,10.,0.508,1.118
1500.,10.,0.476,0.964
2000.,10.,0.446,0.798
3500.,10.,0.403,0.503
5000.,10.,0.394,0.374
8000.,10.,0.364,0.235
10000.,10.,0.357,0.198
15000.,10.,0.339,0.137
20000.,10.,0.337,0.11
29975.,10.,0.32,0.074
50.,20.,0.,0.284
75.,20.,0.064,0.404
100.,20.,0.153,0.525
125.,20.,0.222,0.613
150.,20.,0.266,0.685
175.,20.,0.313,0.755
200.,20.,0.352,0.809
250.,20.,0.408,0.901
300.,20.,0.434,0.978
350.,20.,0.464,1.035
400.,20.,0.481,1.103
500.,20.,0.505,1.161
800.,20.,0.523,1.207
1000.,20.,0.516,1.19
1500.,20.,0.482,0.983
2000.,20.,0.462,0.832
3500.,20.,0.428,0.532
5000.,20.,0.403,0.38
8000.,20.,0.377,0.248
10000.,20.,0.383,0.22
15000.,20.,0.361,0.147
20000.,20.,0.354,0.117
29975.,20.,0.341,0.082
50.,30.,0.,0.302
75.,30.,0.069,0.42
100.,30.,0.159,0.533
125.,30.,0.226,0.628
150.,30.,0.286,0.709
175.,30.,0.327,0.762
200.,30.,0.364,0.824
250.,30.,0.416,0.919
300.,30.,0.455,1.006
350.,30.,0.488,1.068
400.,30.,0.503,1.121
500.,30.,0.517,1.19
800.,30.,0.554,1.249
1000.,30.,0.543,1.223
1500.,30.,0.513,1.071
2000.,30.,0.486,0.876
3500.,30.,0.454,0.58
5000.,30.,0.441,0.416
8000.,30.,0.415,0.275
10000.,30.,0.408,0.23
15000.,30.,0.395,0.16
20000.,30.,0.375,0.12
29975.,30.,0.374,0.088
50.,40.,0.,0.305
75.,40.,0.074,0.429
100.,40.,0.168,0.545
125.,40.,0.236,0.635
150.,40.,0.292,0.715
175.,40.,0.345,0.776
200.,40.,0.383,0.837
250.,40.,0.443,0.944
300.,40.,0.481,1.031
350.,40.,0.512,1.11
400.,40.,0.526,1.174
500.,40.,0.558,1.245
800.,40.,0.588,1.329
1000.,40.,0.578,1.286
1500.,40.,0.563,1.133
2000.,40.,0.544,0.955
3500.,40.,0.493,0.63
5000.,40.,0.469,0.459
8000.,40.,0.453,0.308
10000.,40.,0.449,0.243
15000.,40.,0.434,0.173
20000.,40.,0.421,0.141
29975.,40.,0.419,0.097
50.,50.,0.,0.321
75.,50.,0.08,0.443
100.,50.,0.172,0.561
125.,50.,0.243,0.666
150.,50.,0.306,0.744
175.,50.,0.356,0.802
200.,50.,0.399,0.87
250.,50.,0.469,0.981
300.,50.,0.516,1.065
350.,50.,0.548,1.14
400.,50.,0.578,1.207
500.,50.,0.618,1.281
800.,50.,0.643,1.416
1000.,50.,0.652,1.372
1500.,50.,0.623,1.213
2000.,50.,0.605,1.06
3500.,50.,0.557,0.715
5000.,50.,0.538,0.541
8000.,50.,0.531,0.358
10000.,50.,0.513,0.301
15000.,50.,0.493,0.209
20000.,50.,0.472,0.16
29975.,50.,0.468,0.113
50.,60.,0.,0.336
75.,60.,0.089,0.467
100.,60.,0.194,0.568
125.,60.,0.271,0.666
150.,60.,0.331,0.754
175.,60.,0.39,0.814
200.,60.,0.436,0.888
250.,60.,0.505,0.998
300.,60.,0.561,1.085
350.,60.,0.601,1.162
400.,60.,0.633,1.237
500.,60.,0.671,1.349
800.,60.,0.726,1.489
1000.,60.,0.73,1.479
1500.,60.,0.72,1.346
2000.,60.,0.689,1.184
3500.,60.,0.646,0.81
5000.,60.,0.62,0.623
8000.,60.,0.603,0.427
10000.,60.,0.582,0.363
15000.,60.,0.568,0.251
20000.,60.,0.562,0.202
29975.,60.,0.544,0.139
50.,70.,0.,0.351
75.,70.,0.093,0.489
100.,70.,0.213,0.593
125.,70.,0.295,0.683
150.,70.,0.359,0.76
175.,70.,0.419,0.831
200.,70.,0.474,0.896
250.,70.,0.553,1.
300.,70.,0.627,1.091
350.,70.,0.675,1.197
400.,70.,0.716,1.244
500.,70.,0.765,1.365
800.,70.,0.832,1.501
1000.,70.,0.839,1.514
1500.,70.,0.835,1.426
2000.,70.,0.818,1.293
3500.,70.,0.772,0.971
5000.,70.,0.738,0.787
8000.,70.,0.708,0.585
10000.,70.,0.699,0.491
15000.,70.,0.68,0.361
20000.,70.,0.659,0.283
29975.,70.,0.643,0.198
50.,80.,0.018,0.367
75.,80.,0.113,0.49
100.,80.,0.226,0.602
125.,80.,0.317,0.697
150.,80.,0.389,0.758
175.,80.,0.458,0.829
200.,80.,0.521,0.889
250.,80.,0.61,1.004
300.,80.,0.685,1.078
350.,80.,0.737,1.16
400.,80.,0.789,1.216
500.,80.,0.861,1.305
800.,80.,0.951,1.437
1000.,80.,0.96,1.476
1500.,80.,0.956,1.392
2000.,80.,0.947,1.291
3500.,80.,0.926,1.061
5000.,80.,0.901,0.917
8000.,80.,0.871,0.766
10000.,80.,0.848,0.708
15000.,80.,0.821,0.554
20000.,80.,0.815,0.477
29975.,80.,0.793,0.352
50.,82.,0.041,0.36
75.,82.,0.127,0.492
100.,82.,0.238,0.602
125.,82.,0.324,0.692
150.,82.,0.402,0.763
175.,82.,0.463,0.821
200.,82.,0.52,0.896
250.,82.,0.625,0.974
300.,82.,0.7,1.069
350.,82.,0.763,1.142
400.,82.,0.798,1.211
500.,82.,0.877,1.302
800.,82.,0.954,1.436
1000.,82.,0.991,1.458
1500.,82.,0.993,1.388
2000.,82.,0.987,1.282
3500.,82.,0.96,1.057
5000.,82.,0.929,0.964
8000.,82.,0.909,0.8
10000.,82.,0.895,0.741
15000.,82.,0.873,0.624
20000.,82.,0.853,0.536
29975.,82.,0.842,0.427
50.,85.,0.138,0.325
75.,85.,0.189,0.459
100.,85.,0.273,0.573
125.,85.,0.354,0.676
150.,85.,0.423,0.742
175.,85.,0.482,0.82
200.,85.,0.545,0.867
250.,85.,0.638,0.974
300.,85.,0.706,1.067
350.,85.,0.772,1.142
400.,85.,0.819,1.185
500.,85.,0.877,1.272
800.,85.,0.984,1.387
1000.,85.,1.022,1.381
1500.,85.,1.028,1.323
2000.,85.,1.022,1.229
3500.,85.,0.991,1.026
5000.,85.,0.985,0.917
8000.,85.,0.973,0.818
10000.,85.,0.97,0.778
15000.,85.,0.935,0.685
20000.,85.,0.93,0.617
29975.,85.,0.902,0.537
50.,86.,0.2,0.301
75.,86.,0.236,0.435
100.,86.,0.321,0.537
125.,86.,0.381,0.624
150.,86.,0.444,0.716
175.,86.,0.499,0.784
200.,86.,0.554,0.854
250.,86.,0.645,0.966
300.,86.,0.722,1.045
350.,86.,0.776,1.111
400.,86.,0.824,1.175
500.,86.,0.895,1.26
800.,86.,0.993,1.366
1000.,86.,1.024,1.39
1500.,86.,1.037,1.315
2000.,86.,1.032,1.225
3500.,86.,1.016,1.024
5000.,86.,1.012,0.912
8000.,86.,0.995,0.798
10000.,86.,0.979,0.763
15000.,86.,0.962,0.692
20000.,86.,0.952,0.648
29975.,86.,0.943,0.565
50.,87.,0.298,0.271
75.,87.,0.317,0.382
100.,87.,0.371,0.493
125.,87.,0.423,0.595
150.,87.,0.482,0.662
175.,87.,0.528,0.746
200.,87.,0.581,0.803
250.,87.,0.665,0.909
300.,87.,0.723,1.025
350.,87.,0.793,1.091
400.,87.,0.829,1.155
500.,87.,0.905,1.242
800.,87.,1.011,1.35
1000.,87.,1.031,1.355
1500.,87.,1.032,1.273
2000.,87.,1.037,1.189
3500.,87.,1.022,1.001
5000.,87.,1.022,0.88
8000.,87.,1.017,0.789
10000.,87.,1.002,0.754
15000.,87.,0.988,0.68
20000.,87.,0.986,0.65
29975.,87.,0.972,0.589
50.,88.,0.458,0.207
75.,88.,0.442,0.316
100.,88.,0.48,0.403
125.,88.,0.519,0.494
150.,88.,0.557,0.577
175.,88.,0.594,0.645
200.,88.,0.627,0.709
250.,88.,0.696,0.826
300.,88.,0.753,0.912
350.,88.,0.805,1.001
400.,88.,0.854,1.051
500.,88.,0.909,1.158
800.,88.,1.007,1.323
1000.,88.,1.032,1.331
1500.,88.,1.046,1.262
2000.,88.,1.04,1.169
3500.,88.,1.043,0.963
5000.,88.,1.025,0.88
8000.,88.,1.033,0.779
10000.,88.,1.031,0.739
15000.,88.,1.023,0.69
20000.,88.,1.01,0.643
29975.,88.,1.,0.589
50.,89.,0.667,0.13
75.,89.,0.658,0.198
100.,89.,0.666,0.262
125.,89.,0.679,0.325
150.,89.,0.703,0.383
175.,89.,0.722,0.44
200.,89.,0.752,0.487
250.,89.,0.787,0.575
300.,89.,0.822,0.656
350.,89.,0.858,0.733
400.,89.,0.882,0.802
500.,89.,0.924,0.901
800.,89.,1.001,1.109
1000.,89.,1.027,1.137
1500.,89.,1.042,1.131
2000.,89.,1.044,1.084
3500.,89.,1.034,0.928
5000.,89.,1.031,0.841
8000.,89.,1.045,0.76
10000.,89.,1.037,0.71
15000.,89.,1.027,0.657
20000.,89.,1.033,0.628
29975.,89.,1.016,0.593
